IP,Pages,Hits,Bandwidth,Last visit
98.218.236.136,17,22,66.48 KB,27 Jul 2016 - 20:07
69.195.124.131,16,16,3.41 KB,28 Jul 2016 - 05:56
63.88.30.130,14,28,633.62 KB,27 Jul 2016 - 12:13
104.218.140.34,14,28,633.62 KB,27 Jul 2016 - 16:39
199.116.169.254,11,16,1.05 MB,27 Jul 2016 - 19:08
184.154.139.17,9,14,397.34 KB,28 Jul 2016 - 05:23
8.28.16.254,9,11,711.96 KB,27 Jul 2016 - 15:21
71.212.13.145,8,16,181.03 KB,27 Jul 2016 - 19:32
74.14.7.13,8,18,271.08 KB,27 Jul 2016 - 19:06
64.233.173.251,8,10,254.17 KB,28 Jul 2016 - 03:10
66.46.187.40,6,12,186.82 KB,27 Jul 2016 - 08:32
204.14.239.53,6,12,90.52 KB,27 Jul 2016 - 18:07
99.224.144.115,6,12,181.03 KB,27 Jul 2016 - 10:34
192.240.127.75,6,12,271.55 KB,27 Jul 2016 - 22:27
46.236.90.187,6,12,90.52 KB,27 Jul 2016 - 06:33
174.128.225.248,6,12,271.55 KB,27 Jul 2016 - 19:28
142.109.133.57,6,12,271.55 KB,27 Jul 2016 - 19:39
107.77.89.95,5,9,52.20 KB,27 Jul 2016 - 06:43
67.44.208.43,5,9,268.12 KB,27 Jul 2016 - 06:52
23.104.209.82,5,8,145.07 KB,27 Jul 2016 - 10:41
78.90.97.57,4,8,90.52 KB,28 Jul 2016 - 01:02
73.250.108.200,4,8,181.03 KB,27 Jul 2016 - 08:49
193.23.120.232,4,8,0,27 Jul 2016 - 09:30
91.192.66.131,4,8,90.67 KB,27 Jul 2016 - 10:05
68.8.206.108,4,8,181.03 KB,27 Jul 2016 - 16:57
128.177.165.179,4,8,181.03 KB,27 Jul 2016 - 18:51
208.252.122.3,4,8,90.52 KB,27 Jul 2016 - 08:23
64.46.16.71,4,8,181.03 KB,27 Jul 2016 - 18:55
165.214.11.84,4,8,90.52 KB,27 Jul 2016 - 12:39
170.55.6.242,4,8,90.52 KB,27 Jul 2016 - 08:12
98.248.57.207,4,8,181.03 KB,27 Jul 2016 - 11:54
216.21.18.193,4,8,181.03 KB,27 Jul 2016 - 08:18
208.54.37.138,4,8,181.03 KB,27 Jul 2016 - 11:13
65.213.244.133,4,8,181.03 KB,27 Jul 2016 - 07:28
50.81.73.70,4,7,180.49 KB,27 Jul 2016 - 18:58
103.246.38.196,4,6,428.64 KB,28 Jul 2016 - 05:20
202.166.8.58,4,8,181.03 KB,27 Jul 2016 - 08:05
178.83.13.80,4,8,181.03 KB,27 Jul 2016 - 23:06
122.56.233.86,4,8,90.52 KB,27 Jul 2016 - 21:51
103.246.36.213,4,6,428.64 KB,27 Jul 2016 - 21:13
199.85.105.254,4,8,90.52 KB,27 Jul 2016 - 13:39
58.181.132.186,4,8,90.52 KB,27 Jul 2016 - 21:01
103.193.67.86,4,6,179.95 KB,27 Jul 2016 - 09:22
169.253.194.1,4,8,181.11 KB,27 Jul 2016 - 07:23
130.217.21.188,4,8,181.18 KB,27 Jul 2016 - 21:05
203.221.178.138,4,8,90.52 KB,27 Jul 2016 - 18:00
168.70.53.42,4,8,181.03 KB,28 Jul 2016 - 04:42
119.63.219.194,4,8,181.03 KB,27 Jul 2016 - 22:04
173.183.127.68,4,6,92.87 KB,27 Jul 2016 - 13:59
23.252.122.10,4,8,181.33 KB,27 Jul 2016 - 10:07
98.248.43.133,4,8,181.03 KB,28 Jul 2016 - 00:35
108.217.254.169,4,6,145.07 KB,27 Jul 2016 - 15:24
70.130.77.26,4,8,181.03 KB,27 Jul 2016 - 18:43
198.61.58.3,4,8,181.03 KB,27 Jul 2016 - 08:13
189.206.158.122,3,7,178.14 KB,27 Jul 2016 - 15:26
192.55.54.44,3,5,97.74 KB,27 Jul 2016 - 13:44
36.234.172.125,3,6,178.14 KB,28 Jul 2016 - 03:52
143.231.249.141,3,6,93.41 KB,27 Jul 2016 - 11:17
71.126.161.178,3,6,0,27 Jul 2016 - 08:54
70.211.184.98,3,7,90.52 KB,27 Jul 2016 - 18:38
92.90.21.126,3,6,0,28 Jul 2016 - 02:59
108.172.11.35,3,10,92.14 KB,27 Jul 2016 - 10:43
134.134.137.73,3,5,97.74 KB,27 Jul 2016 - 09:18
130.154.0.250,3,5,93.06 KB,27 Jul 2016 - 08:52
173.239.195.111,3,6,2.89 KB,27 Jul 2016 - 07:33
142.245.193.2,3,5,92.87 KB,27 Jul 2016 - 11:55
65.206.95.146,3,7,90.52 KB,27 Jul 2016 - 07:26
96.47.229.244,3,7,90.52 KB,27 Jul 2016 - 20:51
131.107.159.151,3,7,90.52 KB,27 Jul 2016 - 11:08
180.179.142.108,3,4,221.54 KB,28 Jul 2016 - 03:18
74.6.254.125,3,5,90.52 KB,27 Jul 2016 - 15:00
73.47.253.137,2,4,90.52 KB,27 Jul 2016 - 09:04
220.239.239.22,2,4,90.52 KB,27 Jul 2016 - 20:21
95.111.69.66,2,4,90.52 KB,27 Jul 2016 - 14:35
198.96.178.33,2,4,90.52 KB,27 Jul 2016 - 11:19
83.254.77.43,2,4,90.52 KB,28 Jul 2016 - 05:22
95.65.168.9,2,4,90.52 KB,27 Jul 2016 - 08:06
103.29.40.129,2,4,90.52 KB,27 Jul 2016 - 17:40
142.245.59.11,2,2,4.71 KB,27 Jul 2016 - 11:55
134.83.1.243,2,4,90.52 KB,27 Jul 2016 - 11:25
87.39.115.136,2,4,90.52 KB,27 Jul 2016 - 11:33
50.183.5.9,2,4,90.52 KB,27 Jul 2016 - 16:57
108.30.52.31,2,4,90.52 KB,27 Jul 2016 - 18:18
138.199.65.141,2,4,90.52 KB,27 Jul 2016 - 20:42
192.197.178.2,2,4,90.52 KB,27 Jul 2016 - 10:42
65.28.241.217,2,4,90.52 KB,27 Jul 2016 - 07:40
71.183.47.41,2,4,90.52 KB,27 Jul 2016 - 13:25
174.92.72.167,2,4,90.52 KB,28 Jul 2016 - 01:59
108.76.185.21,2,4,90.52 KB,27 Jul 2016 - 16:24
50.232.177.30,2,4,90.52 KB,27 Jul 2016 - 10:03
98.7.124.140,2,4,90.52 KB,27 Jul 2016 - 07:30
198.102.155.116,2,4,90.52 KB,27 Jul 2016 - 07:30
140.32.16.51,2,4,90.67 KB,27 Jul 2016 - 08:46
130.56.215.99,2,4,90.52 KB,27 Jul 2016 - 20:25
74.100.32.187,2,4,90.52 KB,27 Jul 2016 - 07:59
47.72.125.100,2,4,90.52 KB,27 Jul 2016 - 14:42
172.56.16.84,2,4,90.67 KB,27 Jul 2016 - 07:09
69.62.164.48,2,4,90.52 KB,27 Jul 2016 - 17:13
202.155.250.126,2,4,90.52 KB,27 Jul 2016 - 22:16
207.62.231.3,2,4,90.52 KB,27 Jul 2016 - 16:25
128.122.182.223,2,4,90.52 KB,27 Jul 2016 - 12:06
76.111.51.84,2,4,90.52 KB,27 Jul 2016 - 21:36
64.114.128.119,2,4,90.52 KB,27 Jul 2016 - 13:31
73.182.191.64,2,4,90.52 KB,27 Jul 2016 - 18:08
63.138.155.98,2,4,90.52 KB,27 Jul 2016 - 09:06
128.62.44.104,2,4,90.52 KB,27 Jul 2016 - 16:33
98.212.19.252,2,4,90.52 KB,27 Jul 2016 - 07:47
173.200.145.234,2,4,90.52 KB,27 Jul 2016 - 11:33
118.200.3.247,2,4,90.52 KB,27 Jul 2016 - 20:07
121.209.31.180,2,4,90.52 KB,27 Jul 2016 - 18:51
69.243.51.82,2,4,90.52 KB,27 Jul 2016 - 16:30
74.82.149.198,2,4,90.52 KB,27 Jul 2016 - 12:53
70.114.133.198,2,4,90.52 KB,27 Jul 2016 - 18:01
66.44.38.212,2,4,90.52 KB,27 Jul 2016 - 17:07
73.12.251.99,2,4,90.52 KB,27 Jul 2016 - 07:59
64.132.241.194,2,4,90.52 KB,27 Jul 2016 - 13:16
50.98.190.23,2,4,90.52 KB,27 Jul 2016 - 17:37
210.255.219.250,2,4,90.52 KB,27 Jul 2016 - 06:21
113.193.224.14,2,4,90.52 KB,28 Jul 2016 - 03:58
74.66.6.129,2,4,90.52 KB,27 Jul 2016 - 20:18
110.21.60.185,2,4,90.52 KB,27 Jul 2016 - 06:57
98.225.7.11,2,4,90.52 KB,27 Jul 2016 - 08:21
203.2.218.131,2,4,90.52 KB,27 Jul 2016 - 17:53
99.242.23.80,2,4,90.52 KB,27 Jul 2016 - 15:14
71.80.172.100,2,4,90.52 KB,27 Jul 2016 - 10:32
62.28.66.178,2,4,90.52 KB,27 Jul 2016 - 15:12
129.2.3.113,2,4,90.52 KB,27 Jul 2016 - 08:02
76.16.80.12,2,4,90.52 KB,28 Jul 2016 - 00:28
64.89.121.42,2,4,90.52 KB,27 Jul 2016 - 09:06
67.180.199.192,2,4,90.52 KB,27 Jul 2016 - 13:05
107.77.169.11,2,4,90.52 KB,27 Jul 2016 - 08:23
108.20.124.68,2,4,90.52 KB,27 Jul 2016 - 22:38
70.192.211.3,2,4,90.67 KB,27 Jul 2016 - 13:12
166.137.240.85,2,4,90.52 KB,27 Jul 2016 - 14:23
186.179.115.158,2,4,90.52 KB,28 Jul 2016 - 03:14
96.239.26.23,2,4,90.67 KB,27 Jul 2016 - 11:18
50.185.101.253,2,4,90.52 KB,27 Jul 2016 - 09:45
124.188.172.45,2,4,90.52 KB,27 Jul 2016 - 07:34
99.32.177.52,2,4,90.52 KB,27 Jul 2016 - 10:15
59.167.130.56,2,4,90.52 KB,27 Jul 2016 - 10:39
65.34.243.195,2,4,90.52 KB,27 Jul 2016 - 09:01
66.87.68.55,2,4,90.52 KB,27 Jul 2016 - 17:18
213.243.140.106,2,4,90.52 KB,28 Jul 2016 - 01:48
218.102.177.235,2,4,90.52 KB,28 Jul 2016 - 04:06
73.70.223.167,2,4,90.52 KB,27 Jul 2016 - 21:50
37.228.250.176,2,4,90.52 KB,27 Jul 2016 - 18:47
72.143.227.232,2,4,90.52 KB,27 Jul 2016 - 11:59
73.72.213.93,2,4,90.52 KB,27 Jul 2016 - 17:35
104.172.59.196,2,4,90.52 KB,27 Jul 2016 - 20:24
219.77.51.232,2,4,90.52 KB,27 Jul 2016 - 07:11
108.35.34.22,2,4,90.52 KB,27 Jul 2016 - 09:02
69.86.87.15,2,4,90.52 KB,28 Jul 2016 - 00:23
120.19.78.217,2,4,90.52 KB,27 Jul 2016 - 21:37
105.184.99.152,2,4,90.52 KB,27 Jul 2016 - 06:35
180.68.114.145,2,4,90.52 KB,27 Jul 2016 - 20:18
97.91.203.0,2,4,90.52 KB,27 Jul 2016 - 11:56
99.53.241.211,2,4,90.52 KB,27 Jul 2016 - 15:36
70.191.230.64,2,4,90.52 KB,27 Jul 2016 - 06:24
168.235.205.206,2,4,90.52 KB,27 Jul 2016 - 08:55
92.150.140.29,2,4,90.52 KB,27 Jul 2016 - 07:15
194.66.75.112,2,4,90.52 KB,27 Jul 2016 - 06:49
209.160.130.18,2,4,90.52 KB,27 Jul 2016 - 11:39
108.54.233.32,2,4,90.52 KB,27 Jul 2016 - 20:05
58.178.160.71,2,4,90.52 KB,27 Jul 2016 - 19:18
111.206.36.142,2,3,55.09 KB,28 Jul 2016 - 02:16
70.208.130.252,2,4,90.52 KB,27 Jul 2016 - 07:46
173.71.38.95,2,4,90.67 KB,27 Jul 2016 - 10:03
76.94.176.87,2,4,90.52 KB,27 Jul 2016 - 17:39
69.174.187.69,2,4,90.52 KB,27 Jul 2016 - 10:04
139.173.54.11,2,4,90.52 KB,27 Jul 2016 - 11:24
69.181.42.231,2,4,90.52 KB,27 Jul 2016 - 16:02
184.57.1.86,2,4,90.52 KB,27 Jul 2016 - 14:56
50.135.56.226,2,4,90.52 KB,27 Jul 2016 - 23:58
149.4.115.14,2,4,90.52 KB,27 Jul 2016 - 09:45
172.112.192.2,2,4,90.67 KB,27 Jul 2016 - 10:00
99.227.81.60,2,4,90.52 KB,27 Jul 2016 - 08:19
70.95.150.219,2,4,90.52 KB,27 Jul 2016 - 20:14
1.64.174.8,2,4,90.52 KB,27 Jul 2016 - 16:59
68.38.243.110,2,4,90.52 KB,28 Jul 2016 - 04:17
144.132.170.193,2,4,90.52 KB,27 Jul 2016 - 21:52
216.110.88.178,2,4,90.52 KB,27 Jul 2016 - 07:57
99.227.122.35,2,4,90.52 KB,27 Jul 2016 - 07:03
50.46.113.44,2,4,90.52 KB,27 Jul 2016 - 18:05
73.183.71.245,2,4,90.52 KB,27 Jul 2016 - 20:06
188.126.80.11,2,4,90.52 KB,27 Jul 2016 - 11:35
216.81.94.69,2,4,90.52 KB,27 Jul 2016 - 09:22
104.7.251.50,2,4,90.52 KB,27 Jul 2016 - 20:30
75.25.128.104,2,4,90.52 KB,28 Jul 2016 - 02:49
4.16.177.230,2,4,90.52 KB,27 Jul 2016 - 11:49
72.94.208.238,2,4,90.52 KB,27 Jul 2016 - 18:40
198.16.176.10,2,4,90.52 KB,28 Jul 2016 - 00:42
209.122.243.178,2,4,90.52 KB,27 Jul 2016 - 21:08
50.191.94.133,2,4,90.52 KB,27 Jul 2016 - 06:44
83.92.119.225,2,4,90.52 KB,27 Jul 2016 - 14:46
69.181.159.38,2,4,90.52 KB,27 Jul 2016 - 07:24
1.129.96.114,2,4,90.52 KB,27 Jul 2016 - 17:50
125.209.113.126,2,4,90.52 KB,28 Jul 2016 - 02:34
50.201.105.178,2,4,90.52 KB,27 Jul 2016 - 10:39
218.186.43.240,2,4,90.67 KB,27 Jul 2016 - 07:23
73.162.180.92,2,4,90.52 KB,27 Jul 2016 - 16:55
71.81.67.19,2,4,90.52 KB,27 Jul 2016 - 06:29
70.68.202.230,2,4,90.52 KB,27 Jul 2016 - 08:20
107.170.220.68,2,4,90.52 KB,27 Jul 2016 - 11:45
122.62.203.36,2,4,90.52 KB,27 Jul 2016 - 16:11
99.58.172.97,2,4,90.52 KB,27 Jul 2016 - 16:16
24.69.149.65,2,4,90.52 KB,27 Jul 2016 - 20:07
89.70.159.2,2,4,90.52 KB,27 Jul 2016 - 09:53
154.5.99.38,2,4,90.52 KB,27 Jul 2016 - 09:41
204.5.3.2,2,4,90.52 KB,27 Jul 2016 - 07:50
108.41.60.142,2,4,90.52 KB,27 Jul 2016 - 09:41
120.136.45.196,2,4,90.52 KB,27 Jul 2016 - 19:05
1.132.96.242,2,4,90.52 KB,27 Jul 2016 - 16:02
50.67.5.1,2,4,90.52 KB,27 Jul 2016 - 09:05
87.213.230.177,2,4,90.52 KB,27 Jul 2016 - 06:12
32.209.153.110,2,4,90.52 KB,27 Jul 2016 - 19:33
92.104.156.245,2,4,90.52 KB,27 Jul 2016 - 08:14
85.115.52.201,2,4,90.52 KB,28 Jul 2016 - 01:47
68.175.2.26,2,4,90.67 KB,27 Jul 2016 - 21:05
120.62.167.243,2,4,90.52 KB,27 Jul 2016 - 06:08
141.218.165.220,2,4,90.52 KB,27 Jul 2016 - 06:22
69.143.201.108,2,4,90.52 KB,27 Jul 2016 - 19:20
92.251.16.237,2,4,90.52 KB,28 Jul 2016 - 05:38
23.236.56.33,2,4,90.52 KB,27 Jul 2016 - 06:38
65.254.2.50,2,4,90.67 KB,27 Jul 2016 - 11:51
166.137.244.109,2,4,90.52 KB,27 Jul 2016 - 08:45
84.111.23.11,2,4,90.52 KB,27 Jul 2016 - 12:05
95.86.90.211,2,4,90.52 KB,28 Jul 2016 - 00:10
98.28.193.195,2,4,90.52 KB,27 Jul 2016 - 22:13
173.2.120.114,2,4,90.52 KB,27 Jul 2016 - 14:20
166.137.240.51,2,4,90.52 KB,27 Jul 2016 - 20:39
66.65.105.49,2,4,90.52 KB,27 Jul 2016 - 22:41
214.18.133.41,2,4,90.52 KB,27 Jul 2016 - 06:08
216.80.22.18,2,4,90.52 KB,27 Jul 2016 - 23:35
83.166.206.198,2,4,90.52 KB,28 Jul 2016 - 03:02
204.28.118.182,2,4,90.52 KB,27 Jul 2016 - 13:43
213.89.133.144,2,4,90.52 KB,27 Jul 2016 - 10:43
140.182.218.37,2,4,90.52 KB,27 Jul 2016 - 06:55
67.1.80.155,2,4,90.55 KB,27 Jul 2016 - 13:42
122.179.83.181,2,4,90.52 KB,27 Jul 2016 - 10:27
45.50.190.37,2,4,90.52 KB,27 Jul 2016 - 22:21
24.107.6.251,2,4,90.52 KB,27 Jul 2016 - 17:13
119.152.42.46,2,4,90.52 KB,27 Jul 2016 - 12:06
45.79.100.199,2,4,90.52 KB,27 Jul 2016 - 10:32
151.225.33.134,2,4,90.52 KB,27 Jul 2016 - 07:47
173.174.118.6,2,4,90.52 KB,27 Jul 2016 - 20:08
199.82.243.105,2,4,90.52 KB,27 Jul 2016 - 07:47
223.197.175.48,2,4,90.52 KB,27 Jul 2016 - 18:24
184.97.202.219,2,4,90.52 KB,27 Jul 2016 - 16:08
192.241.146.159,2,4,90.52 KB,27 Jul 2016 - 22:43
12.70.41.193,2,4,90.52 KB,27 Jul 2016 - 10:13
120.19.90.154,2,4,90.52 KB,27 Jul 2016 - 07:31
206.121.167.106,2,4,90.52 KB,27 Jul 2016 - 17:30
124.217.189.72,2,4,90.52 KB,27 Jul 2016 - 06:07
68.37.60.41,2,4,90.52 KB,27 Jul 2016 - 06:21
24.8.193.228,2,4,90.52 KB,27 Jul 2016 - 14:17
96.44.144.246,2,4,90.52 KB,27 Jul 2016 - 09:08
41.79.195.145,2,4,90.52 KB,28 Jul 2016 - 02:04
72.238.250.132,2,4,90.52 KB,27 Jul 2016 - 06:27
96.48.190.33,2,4,90.52 KB,27 Jul 2016 - 12:33
131.247.224.148,2,4,90.52 KB,27 Jul 2016 - 17:00
14.100.136.34,2,4,2.89 KB,28 Jul 2016 - 03:46
107.132.137.58,2,4,90.52 KB,27 Jul 2016 - 23:22
108.21.242.154,2,4,90.52 KB,28 Jul 2016 - 04:46
45.56.151.20,2,4,0,27 Jul 2016 - 08:03
95.108.225.221,2,4,90.52 KB,28 Jul 2016 - 01:49
130.76.24.7,2,4,90.52 KB,27 Jul 2016 - 09:01
64.71.166.37,2,4,90.52 KB,27 Jul 2016 - 16:45
174.198.10.173,2,4,90.52 KB,27 Jul 2016 - 17:01
128.189.83.79,2,4,90.52 KB,27 Jul 2016 - 17:00
75.190.131.167,2,4,90.52 KB,27 Jul 2016 - 14:19
193.110.199.36,2,4,90.52 KB,27 Jul 2016 - 22:47
216.127.114.134,2,4,90.52 KB,27 Jul 2016 - 13:46
108.168.38.244,2,4,90.52 KB,27 Jul 2016 - 15:05
192.157.106.168,2,4,90.52 KB,27 Jul 2016 - 09:31
86.249.181.254,2,4,90.52 KB,27 Jul 2016 - 16:14
73.223.116.221,2,4,90.52 KB,28 Jul 2016 - 00:27
204.191.181.28,2,4,90.52 KB,27 Jul 2016 - 07:45
45.114.116.124,2,4,90.52 KB,28 Jul 2016 - 00:31
72.177.50.23,2,4,90.52 KB,27 Jul 2016 - 14:16
108.56.200.76,2,4,90.52 KB,27 Jul 2016 - 18:29
157.166.159.230,2,4,90.52 KB,27 Jul 2016 - 09:43
69.120.147.116,2,4,90.52 KB,27 Jul 2016 - 15:07
70.53.111.42,2,4,90.52 KB,27 Jul 2016 - 20:50
61.216.37.131,2,4,90.52 KB,28 Jul 2016 - 03:55
64.180.232.82,2,4,90.52 KB,27 Jul 2016 - 08:29
108.171.134.165,2,4,90.52 KB,27 Jul 2016 - 22:39
31.27.169.41,2,4,90.52 KB,28 Jul 2016 - 00:46
217.111.2.122,2,4,90.52 KB,28 Jul 2016 - 03:11
35.0.116.77,2,4,90.52 KB,27 Jul 2016 - 16:39
72.141.66.120,2,4,90.52 KB,27 Jul 2016 - 06:34
173.239.195.44,2,4,90.52 KB,27 Jul 2016 - 12:38
108.27.245.197,2,4,90.52 KB,27 Jul 2016 - 11:24
110.22.81.153,2,4,90.59 KB,27 Jul 2016 - 07:51
2.49.85.213,2,4,90.52 KB,27 Jul 2016 - 20:10
189.139.107.93,2,4,90.52 KB,27 Jul 2016 - 17:16
78.128.188.14,2,4,90.52 KB,27 Jul 2016 - 23:28
188.26.230.32,2,4,90.52 KB,27 Jul 2016 - 09:06
98.255.186.45,2,4,90.52 KB,27 Jul 2016 - 11:08
50.58.210.13,2,4,90.52 KB,27 Jul 2016 - 08:08
128.164.227.80,2,4,90.52 KB,27 Jul 2016 - 21:34
59.125.171.197,2,4,90.52 KB,27 Jul 2016 - 08:32
66.208.53.205,2,4,90.52 KB,27 Jul 2016 - 08:33
90.138.39.109,2,4,90.52 KB,27 Jul 2016 - 14:21
216.81.81.81,2,4,90.52 KB,27 Jul 2016 - 08:24
97.93.67.74,2,4,90.52 KB,27 Jul 2016 - 12:21
152.131.14.9,2,4,90.52 KB,27 Jul 2016 - 09:46
24.91.255.192,2,4,90.52 KB,28 Jul 2016 - 05:14
212.226.131.105,2,4,90.52 KB,27 Jul 2016 - 07:25
80.248.49.125,2,4,90.52 KB,28 Jul 2016 - 05:33
24.196.121.126,2,4,90.52 KB,27 Jul 2016 - 09:05
65.207.2.2,2,4,90.52 KB,27 Jul 2016 - 14:31
5.38.144.185,2,4,90.52 KB,27 Jul 2016 - 07:19
4.26.114.190,2,4,90.52 KB,27 Jul 2016 - 15:52
108.20.148.144,2,4,90.52 KB,28 Jul 2016 - 01:26
61.195.97.88,2,4,90.67 KB,27 Jul 2016 - 08:03
104.33.90.84,2,4,90.52 KB,27 Jul 2016 - 09:15
76.225.37.158,2,4,90.52 KB,27 Jul 2016 - 19:47
86.180.101.64,2,4,90.52 KB,27 Jul 2016 - 07:57
101.50.74.248,2,4,90.52 KB,27 Jul 2016 - 11:09
200.208.25.92,2,4,90.67 KB,27 Jul 2016 - 14:28
128.151.188.156,2,4,90.52 KB,27 Jul 2016 - 14:30
180.183.131.150,2,4,90.52 KB,27 Jul 2016 - 19:28
122.216.182.42,2,4,90.52 KB,28 Jul 2016 - 01:16
93.132.242.170,2,4,90.52 KB,28 Jul 2016 - 03:37
94.97.247.81,2,4,90.52 KB,28 Jul 2016 - 02:20
143.228.129.9,2,4,90.52 KB,27 Jul 2016 - 13:52
104.218.252.253,2,4,90.52 KB,27 Jul 2016 - 07:25
98.172.43.195,2,4,90.52 KB,27 Jul 2016 - 16:44
50.125.101.124,2,4,90.67 KB,28 Jul 2016 - 01:32
92.67.221.129,2,4,90.52 KB,27 Jul 2016 - 07:45
71.14.207.242,2,4,90.52 KB,27 Jul 2016 - 15:07
118.100.24.220,2,4,90.52 KB,27 Jul 2016 - 12:04
70.69.92.126,2,4,90.52 KB,27 Jul 2016 - 15:07
194.202.213.254,2,4,90.52 KB,28 Jul 2016 - 05:52
149.140.32.145,2,4,90.52 KB,27 Jul 2016 - 15:21
172.218.66.17,2,4,90.52 KB,28 Jul 2016 - 03:37
104.58.125.64,2,4,90.67 KB,27 Jul 2016 - 08:26
138.220.62.163,2,4,90.52 KB,27 Jul 2016 - 13:15
76.6.39.191,2,4,90.52 KB,27 Jul 2016 - 11:24
123.211.247.220,2,4,90.52 KB,27 Jul 2016 - 08:07
124.33.208.179,2,4,90.52 KB,27 Jul 2016 - 07:39
31.185.123.222,2,4,90.52 KB,27 Jul 2016 - 18:16
98.7.80.113,2,4,90.52 KB,27 Jul 2016 - 19:41
172.56.34.145,2,4,90.52 KB,27 Jul 2016 - 15:56
14.192.209.55,2,4,90.52 KB,28 Jul 2016 - 04:42
70.209.212.171,2,4,90.52 KB,27 Jul 2016 - 15:27
68.232.68.158,2,4,90.52 KB,27 Jul 2016 - 08:16
108.180.157.24,2,4,90.67 KB,27 Jul 2016 - 15:57
90.194.62.112,2,4,90.52 KB,27 Jul 2016 - 14:42
67.132.14.126,2,4,90.52 KB,27 Jul 2016 - 13:31
107.77.97.110,2,4,90.52 KB,27 Jul 2016 - 19:38
172.0.137.134,2,4,90.52 KB,27 Jul 2016 - 16:03
50.64.15.86,2,4,90.52 KB,28 Jul 2016 - 01:21
135.23.201.115,2,4,90.52 KB,28 Jul 2016 - 06:00
94.144.63.92,2,4,90.52 KB,27 Jul 2016 - 15:18
175.142.212.235,2,4,90.52 KB,27 Jul 2016 - 08:36
212.71.24.63,2,4,90.52 KB,27 Jul 2016 - 06:44
128.187.112.22,2,4,90.52 KB,27 Jul 2016 - 10:16
121.6.200.206,2,4,38.32 KB,27 Jul 2016 - 09:45
72.78.196.33,2,4,90.52 KB,27 Jul 2016 - 08:27
199.19.249.196,2,2,14.44 KB,27 Jul 2016 - 08:49
66.249.93.108,2,3,89.98 KB,27 Jul 2016 - 06:27
195.240.183.29,2,4,90.52 KB,28 Jul 2016 - 02:19
96.241.194.180,2,4,90.52 KB,27 Jul 2016 - 09:52
79.66.152.47,2,4,90.52 KB,27 Jul 2016 - 08:40
97.82.131.72,2,4,90.52 KB,28 Jul 2016 - 05:39
61.216.161.191,2,4,90.52 KB,27 Jul 2016 - 09:58
5.67.113.240,2,4,90.52 KB,27 Jul 2016 - 16:10
171.66.209.4,2,4,90.52 KB,27 Jul 2016 - 13:16
129.55.200.20,2,4,90.52 KB,27 Jul 2016 - 14:27
62.57.153.151,2,4,90.52 KB,27 Jul 2016 - 13:10
173.79.58.40,2,4,90.52 KB,27 Jul 2016 - 19:42
79.68.128.209,2,4,90.52 KB,28 Jul 2016 - 03:56
137.254.4.9,2,4,90.52 KB,27 Jul 2016 - 11:07
24.85.88.121,2,4,90.52 KB,27 Jul 2016 - 16:46
174.24.139.156,2,4,90.52 KB,27 Jul 2016 - 16:16
59.167.123.77,2,4,90.67 KB,27 Jul 2016 - 15:04
24.60.108.36,2,4,90.52 KB,28 Jul 2016 - 05:54
213.235.38.194,2,4,90.52 KB,28 Jul 2016 - 01:59
109.100.151.161,2,4,90.52 KB,27 Jul 2016 - 14:18
192.12.83.104,2,4,90.52 KB,27 Jul 2016 - 19:47
174.78.104.73,2,4,90.52 KB,27 Jul 2016 - 09:53
166.137.244.56,2,4,90.52 KB,27 Jul 2016 - 06:34
77.138.226.23,2,4,90.52 KB,27 Jul 2016 - 22:18
82.71.0.98,2,4,90.52 KB,27 Jul 2016 - 10:12
24.114.103.216,2,4,90.52 KB,27 Jul 2016 - 06:49
199.66.92.171,2,4,90.52 KB,27 Jul 2016 - 21:18
172.112.185.197,2,4,90.52 KB,27 Jul 2016 - 21:05
98.246.4.141,2,4,90.52 KB,27 Jul 2016 - 19:09
148.163.178.15,2,4,90.52 KB,27 Jul 2016 - 10:29
188.67.134.1,2,4,90.52 KB,27 Jul 2016 - 13:08
213.149.62.119,2,4,90.52 KB,27 Jul 2016 - 17:37
49.196.128.118,2,4,90.52 KB,27 Jul 2016 - 17:22
73.74.17.202,2,4,90.52 KB,27 Jul 2016 - 16:55
73.11.84.25,2,4,90.67 KB,27 Jul 2016 - 07:10
166.137.102.78,2,4,90.52 KB,28 Jul 2016 - 02:08
190.237.3.94,2,4,90.52 KB,27 Jul 2016 - 09:33
77.144.242.96,2,4,90.52 KB,27 Jul 2016 - 10:32
165.89.84.89,2,4,90.52 KB,28 Jul 2016 - 05:20
141.161.42.137,2,4,90.52 KB,27 Jul 2016 - 10:31
126.152.70.22,2,4,90.52 KB,27 Jul 2016 - 23:03
174.3.104.172,2,4,90.52 KB,27 Jul 2016 - 20:24
196.24.146.221,2,4,90.52 KB,27 Jul 2016 - 08:19
66.220.127.70,2,4,90.52 KB,28 Jul 2016 - 00:11
206.169.227.78,2,4,90.52 KB,27 Jul 2016 - 09:58
108.29.32.165,2,4,90.52 KB,28 Jul 2016 - 05:47
128.183.73.222,2,4,90.52 KB,27 Jul 2016 - 11:13
173.73.95.75,2,4,90.52 KB,27 Jul 2016 - 20:13
175.140.83.122,2,4,90.52 KB,27 Jul 2016 - 09:52
73.193.185.86,2,4,90.52 KB,27 Jul 2016 - 19:45
108.31.103.116,2,4,90.52 KB,27 Jul 2016 - 20:39
50.132.57.186,2,4,90.52 KB,27 Jul 2016 - 06:32
50.245.151.27,2,4,90.52 KB,27 Jul 2016 - 09:52
86.163.147.62,2,4,90.52 KB,27 Jul 2016 - 14:05
165.225.36.85,2,4,90.52 KB,27 Jul 2016 - 14:59
69.253.230.222,2,4,90.52 KB,27 Jul 2016 - 19:57
45.74.23.139,2,4,90.52 KB,27 Jul 2016 - 08:32
75.139.33.69,2,4,90.52 KB,28 Jul 2016 - 05:54
65.25.194.231,2,4,90.52 KB,27 Jul 2016 - 18:24
70.199.99.35,2,4,90.52 KB,27 Jul 2016 - 13:41
96.44.130.237,2,4,90.52 KB,28 Jul 2016 - 05:42
165.225.80.80,2,4,90.52 KB,27 Jul 2016 - 09:43
149.18.128.238,2,4,90.52 KB,28 Jul 2016 - 02:23
71.165.9.189,2,4,90.52 KB,27 Jul 2016 - 12:19
96.89.185.138,2,4,90.52 KB,27 Jul 2016 - 13:01
202.140.108.111,2,3,55.09 KB,27 Jul 2016 - 21:16
173.30.218.46,2,4,90.67 KB,27 Jul 2016 - 07:51
205.203.99.34,2,4,90.52 KB,28 Jul 2016 - 00:48
174.31.144.139,2,4,90.52 KB,28 Jul 2016 - 02:04
166.137.246.16,2,4,90.52 KB,27 Jul 2016 - 06:52
64.253.142.26,2,4,90.52 KB,27 Jul 2016 - 17:34
79.30.197.141,2,4,90.52 KB,27 Jul 2016 - 13:52
208.22.57.233,2,4,90.52 KB,27 Jul 2016 - 07:04
208.98.250.229,2,4,90.67 KB,27 Jul 2016 - 12:36
74.108.64.63,2,4,90.52 KB,27 Jul 2016 - 08:28
54.237.115.92,2,4,90.52 KB,27 Jul 2016 - 06:43
76.102.97.14,2,4,90.52 KB,27 Jul 2016 - 22:03
173.9.124.33,2,4,90.52 KB,27 Jul 2016 - 09:26
77.138.224.156,2,4,90.52 KB,27 Jul 2016 - 13:14
115.64.47.65,2,4,90.52 KB,28 Jul 2016 - 05:41
23.240.226.235,2,4,90.52 KB,27 Jul 2016 - 07:40
99.117.185.37,2,4,90.52 KB,27 Jul 2016 - 14:03
104.205.21.103,2,4,90.52 KB,27 Jul 2016 - 16:14
220.181.102.177,2,4,90.52 KB,28 Jul 2016 - 02:28
64.203.225.130,2,4,90.52 KB,27 Jul 2016 - 10:42
217.112.98.161,2,4,90.52 KB,27 Jul 2016 - 16:27
104.148.194.151,2,4,90.52 KB,27 Jul 2016 - 17:50
74.72.59.2,2,4,90.52 KB,28 Jul 2016 - 03:57
75.131.153.119,2,4,90.52 KB,28 Jul 2016 - 05:10
180.150.157.59,2,4,90.52 KB,28 Jul 2016 - 05:21
99.178.135.136,2,4,90.52 KB,27 Jul 2016 - 09:42
98.218.179.34,2,4,90.52 KB,27 Jul 2016 - 20:39
73.250.190.132,2,4,90.52 KB,27 Jul 2016 - 07:14
82.119.101.250,2,4,90.52 KB,28 Jul 2016 - 00:31
67.242.106.42,2,4,90.52 KB,28 Jul 2016 - 05:40
62.152.229.252,2,4,90.52 KB,27 Jul 2016 - 06:21
24.251.39.118,2,4,90.52 KB,27 Jul 2016 - 17:49
209.8.144.226,2,4,90.52 KB,28 Jul 2016 - 03:14
67.168.197.2,2,4,90.52 KB,27 Jul 2016 - 11:13
72.143.232.252,2,4,90.52 KB,27 Jul 2016 - 06:55
210.48.99.247,2,4,90.52 KB,27 Jul 2016 - 21:23
97.93.113.219,2,4,90.67 KB,27 Jul 2016 - 17:03
148.88.153.112,2,4,0,28 Jul 2016 - 03:08
50.184.179.54,2,4,90.52 KB,27 Jul 2016 - 22:03
75.64.26.99,2,4,90.52 KB,27 Jul 2016 - 15:07
74.14.50.12,2,4,90.52 KB,27 Jul 2016 - 17:26
45.46.193.247,2,4,90.52 KB,27 Jul 2016 - 14:44
209.133.66.218,2,4,90.52 KB,27 Jul 2016 - 14:21
180.149.192.132,2,4,214.99 KB,27 Jul 2016 - 17:09
216.155.131.67,2,4,90.52 KB,27 Jul 2016 - 11:31
184.68.171.38,2,4,90.52 KB,27 Jul 2016 - 17:35
124.253.250.193,2,4,90.52 KB,28 Jul 2016 - 01:50
110.174.136.42,2,4,90.52 KB,28 Jul 2016 - 05:11
173.66.186.222,2,4,90.52 KB,27 Jul 2016 - 17:43
71.83.223.157,2,4,90.52 KB,27 Jul 2016 - 21:47
64.2.3.194,2,4,90.52 KB,27 Jul 2016 - 17:12
76.99.223.199,2,4,90.52 KB,28 Jul 2016 - 05:46
107.217.10.238,2,4,90.52 KB,27 Jul 2016 - 17:32
100.36.136.8,2,4,90.52 KB,27 Jul 2016 - 06:51
101.167.27.151,2,4,90.52 KB,27 Jul 2016 - 19:28
104.33.72.139,2,4,90.52 KB,27 Jul 2016 - 22:01
45.48.53.173,2,4,90.52 KB,27 Jul 2016 - 19:51
108.233.126.82,2,4,90.52 KB,27 Jul 2016 - 07:21
104.237.91.34,2,4,90.52 KB,27 Jul 2016 - 19:41
173.2.173.184,2,4,90.52 KB,27 Jul 2016 - 15:59
72.93.27.120,2,4,90.52 KB,27 Jul 2016 - 07:56
24.205.168.84,2,4,90.67 KB,27 Jul 2016 - 09:10
117.239.199.17,2,4,90.52 KB,27 Jul 2016 - 07:11
76.126.14.36,2,4,90.52 KB,27 Jul 2016 - 14:37
73.155.172.170,2,4,90.52 KB,27 Jul 2016 - 20:36
72.143.234.116,2,4,90.52 KB,27 Jul 2016 - 09:51
14.202.230.15,2,4,90.52 KB,27 Jul 2016 - 17:58
69.250.78.32,2,4,90.52 KB,27 Jul 2016 - 21:57
137.151.148.78,2,4,90.52 KB,27 Jul 2016 - 16:59
122.11.140.98,2,4,90.52 KB,28 Jul 2016 - 02:01
217.247.249.82,2,4,90.52 KB,27 Jul 2016 - 14:31
66.87.80.89,2,4,90.52 KB,27 Jul 2016 - 17:00
86.83.103.190,2,4,90.52 KB,28 Jul 2016 - 02:36
68.132.238.145,2,4,90.52 KB,27 Jul 2016 - 14:01
23.17.65.66,2,4,90.52 KB,27 Jul 2016 - 07:55
74.113.231.226,2,4,90.52 KB,27 Jul 2016 - 13:59
172.97.11.205,2,4,90.52 KB,27 Jul 2016 - 06:21
68.118.187.209,2,4,90.52 KB,27 Jul 2016 - 11:45
75.17.224.211,2,4,90.52 KB,27 Jul 2016 - 07:20
98.203.223.213,2,4,90.52 KB,27 Jul 2016 - 11:48
96.231.2.120,2,4,90.52 KB,27 Jul 2016 - 06:27
139.0.119.238,2,4,90.52 KB,27 Jul 2016 - 16:09
80.12.81.14,2,4,90.52 KB,28 Jul 2016 - 03:21
24.22.221.117,2,4,90.52 KB,27 Jul 2016 - 17:42
50.184.102.18,2,4,90.52 KB,27 Jul 2016 - 08:24
99.231.64.114,2,4,90.67 KB,27 Jul 2016 - 17:03
173.29.146.87,2,4,90.52 KB,27 Jul 2016 - 19:41
84.215.126.174,2,4,90.52 KB,27 Jul 2016 - 14:31
70.212.130.129,2,4,90.52 KB,27 Jul 2016 - 16:10
76.182.4.105,2,4,90.52 KB,27 Jul 2016 - 07:47
203.124.76.81,2,4,90.52 KB,27 Jul 2016 - 17:02
144.30.0.110,2,4,90.52 KB,27 Jul 2016 - 19:11
99.101.198.186,2,4,90.52 KB,27 Jul 2016 - 06:26
68.231.221.132,2,4,90.52 KB,27 Jul 2016 - 08:01
122.57.65.216,2,4,90.52 KB,27 Jul 2016 - 20:57
70.54.67.130,2,4,90.52 KB,27 Jul 2016 - 08:07
67.70.122.241,2,3,55.09 KB,27 Jul 2016 - 17:37
89.101.247.18,2,4,90.52 KB,27 Jul 2016 - 07:17
174.46.232.2,2,4,90.52 KB,27 Jul 2016 - 11:16
52.90.70.84,2,4,90.52 KB,27 Jul 2016 - 08:47
38.104.69.182,2,4,90.52 KB,27 Jul 2016 - 08:12
132.64.26.191,2,4,90.52 KB,28 Jul 2016 - 02:19
116.247.96.202,2,4,90.52 KB,28 Jul 2016 - 02:23
14.186.100.133,2,4,90.52 KB,27 Jul 2016 - 21:59
98.110.204.136,2,4,90.52 KB,27 Jul 2016 - 06:17
199.167.116.206,2,4,90.52 KB,27 Jul 2016 - 07:36
172.58.152.241,2,4,90.52 KB,27 Jul 2016 - 10:31
198.204.66.129,2,4,90.52 KB,27 Jul 2016 - 07:39
172.56.39.65,2,4,90.52 KB,28 Jul 2016 - 05:44
23.240.243.34,2,4,90.67 KB,27 Jul 2016 - 11:51
156.74.250.8,2,4,90.52 KB,27 Jul 2016 - 09:51
24.185.11.12,2,4,90.52 KB,27 Jul 2016 - 07:36
173.56.37.201,2,4,90.52 KB,27 Jul 2016 - 07:06
190.80.5.122,2,4,90.52 KB,27 Jul 2016 - 12:54
207.11.1.162,2,4,90.52 KB,27 Jul 2016 - 07:22
199.212.87.61,2,4,90.67 KB,27 Jul 2016 - 07:09
204.68.123.154,2,4,90.52 KB,27 Jul 2016 - 22:45
207.229.32.66,2,4,90.52 KB,27 Jul 2016 - 16:14
93.109.195.197,2,4,90.52 KB,27 Jul 2016 - 08:29
66.248.223.230,2,2,3.48 KB,28 Jul 2016 - 05:56
64.183.3.238,2,4,90.52 KB,27 Jul 2016 - 18:11
64.203.162.130,2,4,90.52 KB,27 Jul 2016 - 06:09
50.197.1.228,2,4,90.52 KB,27 Jul 2016 - 06:20
76.17.198.100,2,4,90.52 KB,28 Jul 2016 - 03:43
99.100.30.87,2,4,90.52 KB,27 Jul 2016 - 17:46
60.251.136.103,2,4,90.52 KB,28 Jul 2016 - 04:20
64.71.166.38,2,4,90.52 KB,27 Jul 2016 - 10:31
82.123.46.69,2,4,90.52 KB,27 Jul 2016 - 22:58
108.7.54.47,2,4,90.52 KB,27 Jul 2016 - 19:03
24.125.205.196,2,4,90.52 KB,27 Jul 2016 - 20:01
107.77.85.111,2,4,90.52 KB,27 Jul 2016 - 18:36
164.114.199.196,2,4,90.52 KB,27 Jul 2016 - 08:51
70.192.210.18,2,4,90.52 KB,27 Jul 2016 - 18:13
92.44.27.85,2,4,90.52 KB,27 Jul 2016 - 07:41
96.59.107.211,2,4,90.52 KB,28 Jul 2016 - 00:13
75.49.210.38,2,4,90.52 KB,27 Jul 2016 - 08:53
12.37.145.82,2,4,90.52 KB,27 Jul 2016 - 10:45
158.111.236.10,2,4,90.52 KB,27 Jul 2016 - 11:17
70.210.66.121,2,4,90.52 KB,27 Jul 2016 - 10:05
87.88.251.194,2,4,90.52 KB,27 Jul 2016 - 12:26
172.88.139.118,2,4,90.52 KB,28 Jul 2016 - 01:09
203.10.59.12,2,4,215.05 KB,27 Jul 2016 - 21:02
139.0.77.239,2,4,90.52 KB,28 Jul 2016 - 05:27
107.200.90.149,2,4,90.52 KB,27 Jul 2016 - 07:34
75.128.55.154,2,4,90.52 KB,27 Jul 2016 - 17:05
85.18.161.144,2,4,90.52 KB,27 Jul 2016 - 06:30
178.169.152.21,2,4,90.52 KB,28 Jul 2016 - 05:24
72.80.138.81,2,4,90.52 KB,27 Jul 2016 - 16:40
50.250.209.17,2,4,90.67 KB,27 Jul 2016 - 13:40
185.68.195.28,2,4,90.52 KB,27 Jul 2016 - 23:40
172.56.29.200,2,4,90.52 KB,27 Jul 2016 - 13:32
175.38.47.51,2,4,90.52 KB,27 Jul 2016 - 23:03
110.70.55.158,2,4,90.52 KB,27 Jul 2016 - 07:44
141.0.13.139,2,4,90.52 KB,27 Jul 2016 - 22:50
70.215.17.196,2,4,90.52 KB,27 Jul 2016 - 13:11
108.176.17.98,2,4,90.52 KB,27 Jul 2016 - 09:02
96.231.140.137,2,4,90.52 KB,28 Jul 2016 - 00:26
96.44.183.196,2,4,90.52 KB,27 Jul 2016 - 19:36
75.118.155.168,2,4,90.52 KB,27 Jul 2016 - 20:09
72.77.252.85,2,4,90.52 KB,27 Jul 2016 - 20:39
88.73.193.67,2,4,90.52 KB,27 Jul 2016 - 14:37
73.217.126.64,2,4,90.52 KB,27 Jul 2016 - 07:08
107.15.176.105,2,4,90.52 KB,27 Jul 2016 - 06:57
162.156.107.48,2,4,90.52 KB,27 Jul 2016 - 10:16
108.90.19.17,2,4,90.52 KB,27 Jul 2016 - 09:05
60.242.68.111,2,4,90.52 KB,27 Jul 2016 - 23:48
54.145.116.36,2,4,90.52 KB,27 Jul 2016 - 07:17
66.185.43.66,2,4,90.67 KB,27 Jul 2016 - 07:52
172.90.16.203,2,4,90.67 KB,27 Jul 2016 - 22:08
121.58.232.35,2,4,90.52 KB,28 Jul 2016 - 00:23
158.132.131.76,2,4,90.52 KB,27 Jul 2016 - 21:59
184.151.222.167,2,4,90.52 KB,27 Jul 2016 - 10:57
108.31.244.230,2,4,90.52 KB,27 Jul 2016 - 17:48
69.50.166.73,2,4,90.52 KB,27 Jul 2016 - 08:45
63.138.155.70,2,4,90.52 KB,27 Jul 2016 - 10:37
50.197.167.161,2,4,90.67 KB,27 Jul 2016 - 12:31
14.202.230.129,2,4,90.52 KB,27 Jul 2016 - 06:25
76.169.220.208,2,4,90.67 KB,27 Jul 2016 - 14:25
70.213.5.52,2,4,90.52 KB,27 Jul 2016 - 13:57
174.65.125.169,2,4,90.52 KB,27 Jul 2016 - 10:44
70.214.40.44,2,4,90.52 KB,27 Jul 2016 - 17:05
107.170.252.46,2,4,90.52 KB,27 Jul 2016 - 10:42
68.192.149.98,2,4,90.52 KB,27 Jul 2016 - 08:30
100.36.118.138,2,4,90.52 KB,27 Jul 2016 - 14:30
86.183.157.149,2,4,90.52 KB,27 Jul 2016 - 07:19
75.68.84.115,2,4,90.52 KB,27 Jul 2016 - 19:29
71.61.176.209,2,4,90.52 KB,27 Jul 2016 - 19:57
212.204.62.50,2,4,90.52 KB,27 Jul 2016 - 10:42
70.192.197.39,2,4,90.52 KB,27 Jul 2016 - 06:55
82.34.89.95,2,4,90.52 KB,27 Jul 2016 - 16:40
85.169.92.195,2,4,90.52 KB,27 Jul 2016 - 13:32
171.1.1.66,2,4,90.52 KB,27 Jul 2016 - 17:06
172.106.4.2,2,4,90.52 KB,27 Jul 2016 - 20:05
70.121.59.87,2,4,90.52 KB,27 Jul 2016 - 19:18
17.199.97.50,2,4,90.52 KB,27 Jul 2016 - 12:45
222.164.47.253,2,4,90.52 KB,27 Jul 2016 - 10:51
39.32.80.54,2,4,90.52 KB,28 Jul 2016 - 05:28
173.32.188.47,2,4,90.52 KB,27 Jul 2016 - 07:35
203.145.94.206,2,4,90.52 KB,27 Jul 2016 - 16:41
67.81.182.96,2,4,90.52 KB,27 Jul 2016 - 22:54
43.229.119.198,2,4,90.52 KB,28 Jul 2016 - 03:22
175.140.140.36,2,4,90.67 KB,27 Jul 2016 - 09:10
67.169.149.81,2,4,90.52 KB,27 Jul 2016 - 20:44
78.159.204.135,2,4,90.67 KB,27 Jul 2016 - 14:25
149.11.36.78,2,4,90.52 KB,27 Jul 2016 - 07:11
172.113.32.90,2,4,90.52 KB,27 Jul 2016 - 22:00
84.206.48.251,2,4,90.52 KB,27 Jul 2016 - 08:55
172.14.119.6,2,4,90.52 KB,28 Jul 2016 - 03:28
104.32.219.40,2,4,90.52 KB,27 Jul 2016 - 16:29
78.120.52.5,2,4,90.52 KB,27 Jul 2016 - 16:47
142.255.88.33,2,4,90.52 KB,27 Jul 2016 - 16:28
108.171.128.174,2,4,90.52 KB,28 Jul 2016 - 02:38
198.103.153.7,2,4,90.52 KB,27 Jul 2016 - 07:43
64.58.180.82,2,4,90.52 KB,27 Jul 2016 - 19:07
190.226.86.68,2,4,90.52 KB,28 Jul 2016 - 03:42
185.2.196.196,2,3,214.32 KB,28 Jul 2016 - 05:52
73.219.95.61,2,4,90.52 KB,27 Jul 2016 - 06:18
89.15.68.209,2,4,90.52 KB,27 Jul 2016 - 13:37
111.251.229.199,2,4,90.52 KB,27 Jul 2016 - 22:13
66.183.3.62,2,4,90.52 KB,27 Jul 2016 - 10:57
70.192.222.108,2,4,90.52 KB,27 Jul 2016 - 07:00
109.236.81.170,2,4,90.52 KB,27 Jul 2016 - 17:09
183.90.36.81,2,4,90.52 KB,27 Jul 2016 - 18:21
75.43.223.65,2,4,90.52 KB,27 Jul 2016 - 08:02
207.32.175.59,2,4,90.52 KB,27 Jul 2016 - 17:54
211.75.43.245,2,4,90.52 KB,27 Jul 2016 - 06:56
66.58.156.36,2,4,90.52 KB,27 Jul 2016 - 06:59
97.88.218.41,2,4,90.52 KB,27 Jul 2016 - 20:41
145.129.116.104,2,4,90.52 KB,27 Jul 2016 - 07:21
199.115.99.59,2,4,90.52 KB,27 Jul 2016 - 23:35
83.31.183.130,2,2,36.39 KB,28 Jul 2016 - 04:02
70.198.65.85,2,4,90.52 KB,27 Jul 2016 - 09:33
45.79.196.124,2,4,90.52 KB,27 Jul 2016 - 19:59
65.222.202.202,2,4,90.52 KB,27 Jul 2016 - 12:35
72.66.19.58,2,4,90.52 KB,27 Jul 2016 - 17:14
206.16.134.50,2,4,90.52 KB,27 Jul 2016 - 20:50
213.47.116.243,2,4,90.52 KB,27 Jul 2016 - 16:16
108.5.119.27,2,4,90.52 KB,27 Jul 2016 - 09:55
190.215.136.10,2,4,90.52 KB,27 Jul 2016 - 17:07
128.29.43.1,2,4,90.52 KB,27 Jul 2016 - 06:35
134.192.132.125,2,4,90.52 KB,28 Jul 2016 - 04:19
108.82.169.77,2,4,90.67 KB,27 Jul 2016 - 11:18
208.185.197.4,2,4,90.52 KB,27 Jul 2016 - 06:11
76.120.51.222,2,4,90.52 KB,28 Jul 2016 - 01:35
166.137.244.119,2,4,90.52 KB,27 Jul 2016 - 08:29
203.118.134.74,2,4,90.52 KB,27 Jul 2016 - 16:59
187.252.212.4,2,4,90.52 KB,27 Jul 2016 - 20:38
45.49.171.4,2,4,90.52 KB,27 Jul 2016 - 10:32
217.13.128.68,2,4,90.52 KB,28 Jul 2016 - 00:19
32.213.152.150,2,4,90.52 KB,28 Jul 2016 - 03:50
70.214.101.22,2,4,90.52 KB,27 Jul 2016 - 17:50
68.40.85.89,2,4,90.52 KB,27 Jul 2016 - 20:22
186.188.221.150,2,4,90.52 KB,27 Jul 2016 - 17:34
139.194.107.67,2,4,90.52 KB,27 Jul 2016 - 14:39
67.165.247.29,2,4,90.52 KB,27 Jul 2016 - 12:38
63.148.109.2,2,4,90.52 KB,27 Jul 2016 - 11:41
130.231.240.27,2,4,90.52 KB,28 Jul 2016 - 02:03
107.77.97.87,2,4,90.52 KB,27 Jul 2016 - 13:31
184.64.213.128,2,4,90.52 KB,27 Jul 2016 - 06:27
141.114.155.188,2,4,90.52 KB,27 Jul 2016 - 15:01
206.220.18.26,2,4,90.52 KB,27 Jul 2016 - 15:21
103.246.36.212,2,3,214.32 KB,27 Jul 2016 - 21:23
108.7.50.207,2,4,90.52 KB,27 Jul 2016 - 20:01
108.184.173.82,2,4,90.52 KB,27 Jul 2016 - 11:31
70.24.50.224,2,4,90.52 KB,27 Jul 2016 - 17:20
82.163.127.106,2,4,90.52 KB,27 Jul 2016 - 07:12
24.90.3.52,2,4,90.52 KB,27 Jul 2016 - 20:02
169.156.16.34,2,4,90.52 KB,27 Jul 2016 - 11:57
113.199.213.91,2,4,90.52 KB,27 Jul 2016 - 18:25
207.132.76.17,2,4,90.52 KB,27 Jul 2016 - 09:46
72.136.56.153,2,4,90.52 KB,27 Jul 2016 - 22:51
76.24.253.77,2,4,90.52 KB,27 Jul 2016 - 20:43
76.173.5.108,2,4,90.52 KB,27 Jul 2016 - 22:13
75.101.102.178,2,4,90.67 KB,27 Jul 2016 - 11:03
24.85.218.251,2,4,90.52 KB,27 Jul 2016 - 21:20
63.70.84.125,2,4,90.52 KB,27 Jul 2016 - 07:57
71.58.215.137,2,4,90.52 KB,27 Jul 2016 - 21:45
150.203.229.23,2,4,90.52 KB,27 Jul 2016 - 22:12
108.171.128.175,2,4,90.52 KB,27 Jul 2016 - 08:35
208.59.132.19,2,4,90.52 KB,27 Jul 2016 - 23:27
192.240.127.98,2,4,90.52 KB,28 Jul 2016 - 01:37
24.196.66.155,2,4,90.52 KB,27 Jul 2016 - 23:26
128.230.119.31,2,4,90.52 KB,27 Jul 2016 - 17:39
76.168.139.133,2,4,90.52 KB,27 Jul 2016 - 22:48
217.111.163.126,2,4,90.52 KB,27 Jul 2016 - 09:01
66.193.105.133,2,4,90.52 KB,27 Jul 2016 - 14:14
217.165.145.73,2,4,90.52 KB,27 Jul 2016 - 06:11
139.162.51.19,2,4,90.52 KB,27 Jul 2016 - 06:28
197.53.201.24,2,4,90.52 KB,27 Jul 2016 - 23:47
74.96.187.35,2,4,90.52 KB,28 Jul 2016 - 05:29
83.86.48.162,2,4,90.52 KB,27 Jul 2016 - 14:12
24.97.252.243,2,4,90.52 KB,28 Jul 2016 - 05:07
67.80.48.81,2,4,90.52 KB,27 Jul 2016 - 20:08
199.46.200.231,2,4,90.52 KB,27 Jul 2016 - 11:01
172.91.113.178,2,4,90.52 KB,27 Jul 2016 - 11:48
172.14.114.227,2,4,90.52 KB,27 Jul 2016 - 08:01
114.125.211.197,2,4,90.52 KB,27 Jul 2016 - 18:27
198.239.77.118,2,4,90.52 KB,27 Jul 2016 - 20:04
207.219.20.25,2,4,90.52 KB,27 Jul 2016 - 07:47
108.14.54.223,2,4,90.52 KB,27 Jul 2016 - 19:38
184.188.21.135,2,4,90.52 KB,27 Jul 2016 - 11:57
162.232.203.10,2,4,90.52 KB,27 Jul 2016 - 06:21
70.70.226.173,2,4,90.52 KB,27 Jul 2016 - 09:02
99.71.93.45,2,4,90.52 KB,27 Jul 2016 - 18:41
45.72.233.146,2,4,90.52 KB,27 Jul 2016 - 07:26
94.207.161.56,2,4,90.67 KB,27 Jul 2016 - 09:11
38.100.43.50,2,4,90.67 KB,27 Jul 2016 - 08:03
213.153.245.86,2,4,90.52 KB,28 Jul 2016 - 06:00
129.56.0.162,2,4,90.52 KB,28 Jul 2016 - 00:57
1.64.209.139,2,4,90.52 KB,27 Jul 2016 - 20:33
12.202.128.58,2,4,90.52 KB,27 Jul 2016 - 09:38
1.152.97.38,2,4,90.52 KB,27 Jul 2016 - 06:34
78.145.133.177,2,4,90.52 KB,27 Jul 2016 - 06:22
157.14.161.61,2,4,90.52 KB,27 Jul 2016 - 18:49
213.219.18.82,2,4,90.52 KB,28 Jul 2016 - 05:48
213.122.161.66,2,4,90.52 KB,28 Jul 2016 - 03:57
66.87.122.124,2,4,0,27 Jul 2016 - 11:59
101.98.173.1,2,4,90.52 KB,28 Jul 2016 - 02:05
74.117.212.38,2,4,90.52 KB,27 Jul 2016 - 14:50
194.61.92.11,2,5,91.06 KB,28 Jul 2016 - 03:18
70.187.73.144,2,4,90.52 KB,28 Jul 2016 - 02:31
97.82.108.181,2,4,90.52 KB,27 Jul 2016 - 23:22
204.75.169.66,2,4,90.52 KB,27 Jul 2016 - 14:31
24.170.228.72,2,4,90.52 KB,27 Jul 2016 - 22:46
182.65.76.23,2,4,90.52 KB,27 Jul 2016 - 17:05
64.233.173.243,2,5,125.94 KB,27 Jul 2016 - 19:58
50.64.13.179,2,4,90.52 KB,27 Jul 2016 - 09:17
80.110.101.24,2,4,90.52 KB,27 Jul 2016 - 22:58
50.64.3.129,2,4,90.52 KB,27 Jul 2016 - 21:04
103.14.250.8,2,4,90.52 KB,27 Jul 2016 - 08:21
203.12.195.130,2,4,90.52 KB,27 Jul 2016 - 21:13
136.8.2.68,2,4,90.52 KB,27 Jul 2016 - 22:59
74.96.167.150,2,4,90.52 KB,27 Jul 2016 - 18:15
146.18.173.102,2,4,90.52 KB,27 Jul 2016 - 13:36
133.130.97.11,2,4,90.52 KB,27 Jul 2016 - 18:22
193.110.198.7,2,4,90.52 KB,27 Jul 2016 - 13:04
24.16.46.98,2,4,90.52 KB,27 Jul 2016 - 07:17
122.162.161.100,2,4,90.52 KB,27 Jul 2016 - 21:27
92.27.55.255,2,4,90.52 KB,27 Jul 2016 - 08:06
76.105.133.115,2,4,90.67 KB,27 Jul 2016 - 11:03
75.85.156.72,2,4,90.52 KB,27 Jul 2016 - 19:34
66.193.73.126,2,4,90.52 KB,27 Jul 2016 - 07:14
209.99.44.68,2,4,90.67 KB,27 Jul 2016 - 07:51
221.217.223.66,2,4,90.52 KB,27 Jul 2016 - 17:12
211.36.133.124,2,4,90.52 KB,27 Jul 2016 - 08:51
201.73.102.158,2,4,215.05 KB,27 Jul 2016 - 15:15
108.192.17.70,2,4,90.52 KB,27 Jul 2016 - 13:38
173.164.50.74,2,4,90.52 KB,27 Jul 2016 - 07:50
76.14.32.94,2,4,90.52 KB,27 Jul 2016 - 18:52
76.89.150.87,2,4,90.52 KB,27 Jul 2016 - 20:40
143.165.48.50,2,4,90.67 KB,27 Jul 2016 - 08:22
64.85.242.60,2,4,90.52 KB,27 Jul 2016 - 18:53
68.117.125.194,2,4,90.52 KB,27 Jul 2016 - 17:41
200.198.220.4,2,4,90.52 KB,27 Jul 2016 - 06:45
74.132.58.28,2,4,90.52 KB,27 Jul 2016 - 08:45
50.253.27.17,2,4,90.63 KB,27 Jul 2016 - 08:44
185.45.16.254,2,4,90.52 KB,27 Jul 2016 - 20:10
141.0.15.145,2,4,90.52 KB,27 Jul 2016 - 20:29
212.31.111.170,2,4,90.52 KB,28 Jul 2016 - 04:50
23.81.251.203,2,4,90.67 KB,27 Jul 2016 - 13:51
188.129.43.234,2,4,90.52 KB,27 Jul 2016 - 06:24
71.178.185.195,2,4,90.52 KB,27 Jul 2016 - 23:15
107.11.46.165,2,4,90.52 KB,27 Jul 2016 - 20:23
199.119.235.197,2,4,90.52 KB,27 Jul 2016 - 13:27
104.237.91.187,2,4,90.52 KB,27 Jul 2016 - 19:28
24.56.245.91,2,4,90.52 KB,27 Jul 2016 - 12:51
166.137.240.128,2,4,90.52 KB,27 Jul 2016 - 10:35
134.186.199.106,2,4,90.52 KB,27 Jul 2016 - 08:36
95.62.83.130,2,4,90.52 KB,28 Jul 2016 - 03:29
69.137.145.181,2,4,90.52 KB,27 Jul 2016 - 17:09
184.150.236.59,2,4,90.52 KB,27 Jul 2016 - 12:12
148.195.28.1,2,4,90.52 KB,27 Jul 2016 - 20:56
138.229.250.151,2,4,90.52 KB,27 Jul 2016 - 16:36
74.62.2.2,2,4,90.52 KB,27 Jul 2016 - 09:25
100.2.114.216,2,4,90.52 KB,27 Jul 2016 - 22:34
82.250.37.181,2,4,90.52 KB,28 Jul 2016 - 00:06
220.240.224.205,2,4,90.52 KB,27 Jul 2016 - 17:34
180.150.157.16,2,4,90.52 KB,27 Jul 2016 - 12:11
173.30.218.70,2,4,90.52 KB,27 Jul 2016 - 17:01
120.155.107.233,2,4,90.52 KB,27 Jul 2016 - 17:34
71.183.253.177,2,4,90.52 KB,27 Jul 2016 - 22:41
73.196.75.77,2,4,90.52 KB,27 Jul 2016 - 20:18
187.228.171.96,2,4,90.52 KB,27 Jul 2016 - 17:50
95.65.58.120,2,4,90.52 KB,28 Jul 2016 - 03:45
109.21.178.26,2,4,90.52 KB,28 Jul 2016 - 02:41
24.7.210.135,2,4,90.52 KB,27 Jul 2016 - 08:31
68.235.237.192,2,4,90.52 KB,27 Jul 2016 - 13:58
68.190.254.50,2,4,90.52 KB,27 Jul 2016 - 16:45
132.250.22.5,2,4,215.05 KB,27 Jul 2016 - 07:42
173.247.199.251,2,4,90.52 KB,27 Jul 2016 - 22:47
50.92.135.51,2,4,90.63 KB,27 Jul 2016 - 07:11
166.137.240.26,2,4,90.59 KB,27 Jul 2016 - 14:29
203.218.39.55,2,4,90.52 KB,27 Jul 2016 - 18:37
80.235.44.254,2,4,90.52 KB,27 Jul 2016 - 17:18
99.122.55.27,2,4,90.52 KB,27 Jul 2016 - 17:08
173.73.164.229,2,4,90.52 KB,27 Jul 2016 - 19:42
69.243.125.109,2,4,90.52 KB,27 Jul 2016 - 18:53
192.64.7.4,2,24,605.38 KB,27 Jul 2016 - 08:42
70.208.139.210,2,4,90.52 KB,28 Jul 2016 - 04:59
99.158.251.159,2,4,90.52 KB,27 Jul 2016 - 07:25
180.246.177.171,2,4,90.52 KB,27 Jul 2016 - 08:57
128.227.137.114,2,4,90.52 KB,27 Jul 2016 - 07:44
222.129.243.94,2,4,90.52 KB,27 Jul 2016 - 20:01
209.139.228.193,2,4,90.67 KB,27 Jul 2016 - 13:40
24.228.26.223,2,4,90.52 KB,27 Jul 2016 - 08:38
206.16.134.13,2,4,90.52 KB,27 Jul 2016 - 14:36
207.6.49.192,2,4,90.52 KB,27 Jul 2016 - 06:46
156.106.249.68,2,4,90.52 KB,27 Jul 2016 - 06:14
24.143.225.77,2,4,90.67 KB,27 Jul 2016 - 11:18
106.194.57.124,2,4,90.52 KB,27 Jul 2016 - 06:17
107.77.89.114,2,4,90.55 KB,27 Jul 2016 - 11:51
24.141.241.186,2,4,90.52 KB,27 Jul 2016 - 20:55
82.136.1.214,2,4,90.52 KB,28 Jul 2016 - 04:51
165.127.78.2,2,4,90.52 KB,27 Jul 2016 - 11:27
212.52.159.73,2,4,90.52 KB,27 Jul 2016 - 06:16
45.49.153.29,2,4,90.52 KB,27 Jul 2016 - 09:06
73.247.77.5,2,4,90.52 KB,27 Jul 2016 - 17:38
203.6.176.21,2,4,90.52 KB,27 Jul 2016 - 23:19
24.6.237.172,2,4,90.52 KB,27 Jul 2016 - 23:27
173.227.224.30,2,4,90.67 KB,27 Jul 2016 - 12:40
173.70.93.26,2,4,90.52 KB,27 Jul 2016 - 07:03
150.70.188.172,2,2,14.44 KB,27 Jul 2016 - 21:04
219.89.201.248,2,4,90.52 KB,27 Jul 2016 - 22:34
76.126.246.166,2,4,90.52 KB,27 Jul 2016 - 23:33
194.165.159.210,2,4,90.52 KB,27 Jul 2016 - 10:04
50.244.39.129,2,4,90.52 KB,27 Jul 2016 - 17:25
69.124.147.78,2,4,90.52 KB,27 Jul 2016 - 13:34
99.112.177.222,2,4,90.52 KB,27 Jul 2016 - 20:32
180.150.131.12,2,4,90.52 KB,27 Jul 2016 - 19:36
120.19.196.39,2,4,90.52 KB,27 Jul 2016 - 21:40
212.252.124.111,2,4,90.52 KB,28 Jul 2016 - 03:18
209.52.88.114,2,4,90.52 KB,27 Jul 2016 - 07:47
50.232.122.2,2,4,90.52 KB,27 Jul 2016 - 09:39
38.125.101.10,2,4,90.52 KB,27 Jul 2016 - 21:52
65.49.2.177,2,4,90.52 KB,27 Jul 2016 - 06:33
66.108.21.67,2,4,90.52 KB,27 Jul 2016 - 16:10
75.85.66.128,2,4,90.52 KB,27 Jul 2016 - 22:37
182.55.215.19,2,4,90.52 KB,27 Jul 2016 - 19:50
77.101.97.20,2,4,90.52 KB,28 Jul 2016 - 03:42
49.199.202.68,2,4,90.52 KB,27 Jul 2016 - 21:50
71.105.236.144,2,4,90.52 KB,27 Jul 2016 - 21:34
108.14.117.130,2,4,90.52 KB,27 Jul 2016 - 07:44
104.57.182.94,2,4,90.52 KB,27 Jul 2016 - 12:20
71.175.58.135,2,4,90.52 KB,27 Jul 2016 - 10:41
24.177.198.164,2,4,90.67 KB,27 Jul 2016 - 12:31
98.190.58.71,2,4,90.52 KB,27 Jul 2016 - 14:23
98.206.101.61,2,4,90.52 KB,27 Jul 2016 - 07:21
184.74.175.178,2,4,90.52 KB,27 Jul 2016 - 09:29
172.218.23.144,2,4,90.52 KB,27 Jul 2016 - 08:00
173.213.212.231,2,4,90.52 KB,27 Jul 2016 - 14:42
138.75.234.210,2,4,90.52 KB,28 Jul 2016 - 01:31
99.244.66.15,2,4,90.52 KB,27 Jul 2016 - 15:56
100.33.119.152,2,4,90.52 KB,27 Jul 2016 - 23:13
38.104.28.18,2,4,90.52 KB,27 Jul 2016 - 10:09
24.85.207.24,2,4,90.52 KB,28 Jul 2016 - 01:11
100.33.126.56,2,4,90.52 KB,27 Jul 2016 - 16:28
216.255.103.250,2,4,90.52 KB,27 Jul 2016 - 07:50
199.91.141.248,2,4,90.52 KB,27 Jul 2016 - 13:48
154.5.122.31,2,4,90.52 KB,27 Jul 2016 - 11:28
74.99.173.53,2,4,90.52 KB,27 Jul 2016 - 11:09
209.6.4.67,2,4,90.52 KB,27 Jul 2016 - 08:20
152.216.11.5,2,4,90.52 KB,27 Jul 2016 - 07:04
65.93.212.172,2,4,90.52 KB,27 Jul 2016 - 21:18
69.163.33.50,2,4,90.52 KB,27 Jul 2016 - 08:57
71.68.43.67,2,4,90.52 KB,27 Jul 2016 - 14:02
174.26.3.102,2,4,90.52 KB,27 Jul 2016 - 09:29
90.185.195.209,2,4,90.52 KB,27 Jul 2016 - 22:38
162.221.123.54,2,4,90.52 KB,27 Jul 2016 - 20:41
137.191.244.146,2,4,90.52 KB,27 Jul 2016 - 06:12
68.104.80.245,2,4,90.52 KB,27 Jul 2016 - 12:33
101.181.242.128,2,4,90.52 KB,28 Jul 2016 - 04:50
67.164.94.21,2,4,90.52 KB,27 Jul 2016 - 21:04
107.77.97.107,2,4,90.52 KB,28 Jul 2016 - 00:14
71.106.211.225,2,4,90.52 KB,27 Jul 2016 - 20:01
107.190.3.48,2,4,90.52 KB,27 Jul 2016 - 20:51
162.201.146.178,2,4,90.52 KB,27 Jul 2016 - 17:25
207.109.68.2,2,4,90.52 KB,27 Jul 2016 - 09:01
180.153.206.18,2,2,182.99 KB,27 Jul 2016 - 08:38
68.174.7.106,2,4,90.52 KB,27 Jul 2016 - 06:31
128.42.38.36,2,4,90.52 KB,27 Jul 2016 - 06:53
94.71.121.177,2,4,90.52 KB,27 Jul 2016 - 14:28
2.220.71.77,2,4,90.67 KB,27 Jul 2016 - 07:51
96.45.36.172,2,4,90.52 KB,27 Jul 2016 - 17:08
90.61.147.25,2,4,90.52 KB,27 Jul 2016 - 06:45
152.132.10.72,2,4,90.52 KB,27 Jul 2016 - 12:24
68.179.96.8,2,4,90.52 KB,27 Jul 2016 - 14:08
151.191.175.200,2,4,90.52 KB,27 Jul 2016 - 09:29
101.173.57.57,2,4,90.52 KB,27 Jul 2016 - 15:49
205.185.206.12,2,4,90.67 KB,27 Jul 2016 - 07:01
73.114.33.131,2,4,90.52 KB,27 Jul 2016 - 16:26
80.5.33.9,2,4,90.52 KB,27 Jul 2016 - 09:42
188.123.19.223,2,4,90.52 KB,28 Jul 2016 - 02:39
132.156.2.3,2,4,90.52 KB,27 Jul 2016 - 09:52
175.179.162.126,2,4,90.52 KB,27 Jul 2016 - 07:16
68.45.44.70,2,4,90.52 KB,27 Jul 2016 - 17:31
161.149.63.162,2,4,90.52 KB,27 Jul 2016 - 16:48
108.209.81.227,2,4,90.52 KB,27 Jul 2016 - 09:57
112.199.158.98,2,4,90.52 KB,27 Jul 2016 - 18:26
24.244.23.203,2,4,90.52 KB,27 Jul 2016 - 14:20
205.210.159.254,2,4,215.05 KB,27 Jul 2016 - 12:17
131.251.253.43,2,4,90.52 KB,27 Jul 2016 - 23:05
72.143.78.150,2,4,90.52 KB,27 Jul 2016 - 06:49
70.49.15.29,2,4,90.52 KB,27 Jul 2016 - 11:12
150.70.173.55,2,2,14.44 KB,27 Jul 2016 - 12:14
173.10.34.69,2,4,90.52 KB,27 Jul 2016 - 11:51
182.234.37.98,2,4,90.52 KB,27 Jul 2016 - 18:11
167.220.148.155,2,4,90.67 KB,27 Jul 2016 - 08:42
87.220.154.120,2,4,90.52 KB,28 Jul 2016 - 05:34
72.200.250.226,2,4,90.52 KB,27 Jul 2016 - 06:57
152.193.3.158,2,4,90.52 KB,27 Jul 2016 - 15:17
172.58.33.56,2,4,90.67 KB,27 Jul 2016 - 13:42
167.176.6.8,2,4,90.52 KB,27 Jul 2016 - 06:39
72.209.221.169,2,4,90.52 KB,27 Jul 2016 - 06:52
75.159.202.143,2,4,90.52 KB,27 Jul 2016 - 14:36
69.112.186.91,2,4,90.52 KB,27 Jul 2016 - 22:34
154.20.85.165,2,4,90.52 KB,27 Jul 2016 - 09:03
123.243.140.34,2,4,90.52 KB,28 Jul 2016 - 01:57
207.132.76.16,2,4,214.86 KB,27 Jul 2016 - 07:30
93.51.167.162,2,4,90.52 KB,28 Jul 2016 - 00:37
86.7.31.16,2,4,90.52 KB,27 Jul 2016 - 16:17
121.72.191.138,2,4,90.52 KB,28 Jul 2016 - 01:12
220.76.203.73,2,4,90.52 KB,27 Jul 2016 - 18:58
50.148.179.244,2,4,90.52 KB,27 Jul 2016 - 22:59
110.21.136.194,2,4,90.52 KB,27 Jul 2016 - 19:21
174.114.58.42,2,4,90.52 KB,28 Jul 2016 - 00:22
134.113.238.5,2,2,4.69 KB,27 Jul 2016 - 12:43
190.181.25.204,2,4,90.52 KB,28 Jul 2016 - 04:08
74.51.159.53,2,4,90.52 KB,27 Jul 2016 - 21:08
54.197.170.69,2,4,90.52 KB,27 Jul 2016 - 06:53
202.155.246.114,2,4,90.52 KB,28 Jul 2016 - 01:34
95.211.186.145,2,3,0,27 Jul 2016 - 20:20
73.84.63.144,2,4,90.52 KB,27 Jul 2016 - 19:07
204.237.80.89,2,4,90.52 KB,27 Jul 2016 - 12:42
70.250.116.202,2,4,90.52 KB,27 Jul 2016 - 06:53
74.141.25.233,2,4,90.52 KB,27 Jul 2016 - 19:52
68.100.137.82,2,4,90.52 KB,27 Jul 2016 - 22:19
183.90.36.187,2,4,90.52 KB,27 Jul 2016 - 19:41
72.250.181.116,2,4,90.52 KB,27 Jul 2016 - 08:06
38.103.49.170,2,4,90.52 KB,27 Jul 2016 - 08:10
120.138.116.186,2,4,90.52 KB,27 Jul 2016 - 10:32
103.35.228.144,2,4,90.52 KB,27 Jul 2016 - 19:13
73.26.22.86,2,4,90.52 KB,27 Jul 2016 - 18:16
50.152.200.95,2,4,90.52 KB,27 Jul 2016 - 23:41
199.91.135.163,2,3,90.79 KB,27 Jul 2016 - 10:29
174.22.202.248,2,4,90.52 KB,27 Jul 2016 - 18:44
193.61.170.146,2,4,90.52 KB,28 Jul 2016 - 05:25
24.204.241.102,2,4,90.52 KB,27 Jul 2016 - 17:34
107.77.70.21,2,4,90.52 KB,27 Jul 2016 - 22:02
108.16.200.53,2,4,90.52 KB,28 Jul 2016 - 05:11
94.211.113.34,2,4,90.52 KB,28 Jul 2016 - 03:56
75.130.227.228,2,4,90.52 KB,27 Jul 2016 - 18:44
65.117.203.2,2,4,90.52 KB,27 Jul 2016 - 13:59
175.156.35.100,2,4,90.52 KB,27 Jul 2016 - 17:10
212.98.78.194,2,4,90.52 KB,27 Jul 2016 - 07:06
161.51.0.55,2,4,90.52 KB,27 Jul 2016 - 11:06
213.174.212.181,2,4,90.52 KB,27 Jul 2016 - 06:46
199.244.112.162,2,4,90.52 KB,27 Jul 2016 - 22:09
12.172.180.2,2,4,90.52 KB,27 Jul 2016 - 13:39
76.98.157.167,2,4,90.67 KB,27 Jul 2016 - 10:00
184.71.156.146,2,4,90.52 KB,27 Jul 2016 - 11:04
70.55.73.1,2,4,90.52 KB,27 Jul 2016 - 07:17
209.74.126.224,2,4,90.52 KB,27 Jul 2016 - 15:25
114.72.99.72,2,4,90.52 KB,28 Jul 2016 - 05:37
130.56.207.113,2,4,90.52 KB,28 Jul 2016 - 04:04
96.231.243.184,2,4,90.52 KB,27 Jul 2016 - 20:48
59.189.237.240,2,4,90.52 KB,28 Jul 2016 - 00:43
108.61.226.2,2,4,90.52 KB,27 Jul 2016 - 08:10
71.91.70.54,2,4,90.52 KB,27 Jul 2016 - 17:28
150.70.188.180,1,1,7.22 KB,27 Jul 2016 - 11:26
104.237.242.4,1,1,36.12 KB,27 Jul 2016 - 08:17
79.113.236.146,1,2,2.89 KB,27 Jul 2016 - 23:03
65.49.68.204,1,3,38.32 KB,27 Jul 2016 - 09:46
170.148.215.157,1,1,2.35 KB,27 Jul 2016 - 06:47
1.136.97.11,1,2,2.89 KB,28 Jul 2016 - 03:37
188.39.68.2,1,1,2.35 KB,27 Jul 2016 - 07:20
Others,74,132,2.66 MB,